{"val_loss": [0.015106758595827748, 0.005580638946198365, 0.0028354822630610537, 0.0035239820752073735, 0.00281020237461609, 0.002425870460951153, 0.00292101627051392, 0.0027077824069077477, 0.002792320871616111, 0.002309091717881315, 0.0024264244883156873, 0.002597720964866526, 0.0023725321927272223, 0.0023777872214422505, 0.0023420964340295863, 0.0023411062463898867, 0.002110408098601243, 0.0026225902770152863, 0.0021814845899558242, 0.0029529701671837006, 0.002073562957401223, 0.0024208264726707164, 0.002649217939880841, 0.0022281830966034357, 0.0019804568386034053, 0.0021034381763242625, 0.0017872303929727744, 0.0019666205762940295, 0.001948591527145575, 0.0017508136396131972, 0.002391320653259754, 0.0017057585749117767, 0.0020433395402505994, 0.003187281558947528, 0.0018104464089607492, 0.002539827734889353, 0.001712280955603894, 0.0017174550756702527, 0.0018767001490820857, 0.0028540207182659824], "val_acc": [0.1428571452989298, 0.1428571452989298, 0.1428571452989298, 0.1428571452989298, 0.1428571452989298, 0.1428571452989298, 0.1428571452989298, 0.1428571452989298, 0.1428571452989298, 0.1428571452989298, 0.1428571452989298, 0.1428571452989298, 0.1428571452989298, 0.1428571452989298, 0.1428571452989298, 0.1428571452989298, 0.1428571452989298, 0.1428571452989298, 0.1428571452989298, 0.1428571452989298, 0.1428571452989298, 0.1428571452989298, 0.1428571452989298, 0.1428571452989298, 0.1428571452989298, 0.1428571452989298, 0.1428571452989298, 0.1428571452989298, 0.1428571452989298, 0.1428571452989298, 0.1428571452989298, 0.1428571452989298, 0.1428571452989298, 0.1428571452989298, 0.1428571452989298, 0.1428571452989298, 0.1428571452989298, 0.1428571452989298, 0.1428571452989298, 0.1428571452989298], "loss": [0.02711442777174799, 0.01187728178646306, 0.008510669121546122, 0.00614647165125729, 0.0064244942195193075, 0.005896054572932532, 0.005867262706434464, 0.005663636272348573, 0.00585074010407826, 0.005464954640688922, 0.0052876535405897915, 0.0054031017849304, 0.005307049346704255, 0.005066286390715772, 0.005101042558261029, 0.005224797383347964, 0.004962245295139249, 0.004946598634192282, 0.00490496147026801, 0.005076964461135075, 0.0047350454979630955, 0.004673796077601283, 0.005049730250474942, 0.0047918866159093075, 0.004762798200210775, 0.004399654933984172, 0.004431222570608096, 0.004361902450909838, 0.004382588258629446, 0.004338107333751395, 0.004175128346747335, 0.004397551395574256, 0.004325556531137622, 0.004595133142121246, 0.004455089709474979, 0.004514599376467659, 0.004276928788064705, 0.004039615522796179, 0.003951519027502988, 0.004503139917848303], "acc": [0.13235294440870776, 0.13235294418957302, 0.1323529448469772, 0.13235294391565464, 0.13235294479219353, 0.1323529451756793, 0.1323529451756793, 0.13235294435392408, 0.13235294408000567, 0.13235294413478935, 0.13235294386087096, 0.13235294440870776, 0.13235294501132824, 0.13235294473740986, 0.1323529445730588, 0.13235294336781783, 0.13235294391565464, 0.13235294435392408, 0.1323529445730588, 0.132352944025222, 0.13235294440870776, 0.1323529451756793, 0.13235294473740986, 0.1323529445730588, 0.132352944025222, 0.13235294451827512, 0.13235294506611192, 0.132352944025222, 0.1323529448469772, 0.13235294375130358, 0.1323529459974345, 0.13235294358695254, 0.1323529451756793, 0.13235294506611192, 0.1323529445730588, 0.1323529448469772, 0.1323529449017609, 0.1323529445730588, 0.13235294418957302, 0.13235294358695254]}